{
	"name": "Petclinic",
	"dockerFile": "Dockerfile",
	"runArgs": [
		"--cap-add=SYS_PTRACE",
		"--security-opt",
		"seccomp=unconfined",
		"--mount",
		"type=bind,source=${env:HOME}/.m2,target=/home/vscode/.m2",
		"--mount",
		"type=bind,source=${env:HOME}/.gradle,target=/home/vscode/.gradle"
	],
	"initializeCommand": "mkdir -p ${env:HOME}/.m2 ${env:HOME}/.gradle",
	"onCreateCommand": "sudo chown vscode:vscode /home/vscode/.m2 /home/vscode/.gradle",
	"remoteUser": "vscode",
	"features": {
		"docker-in-docker": "latest"
	},
	"extensions": [
		"vscjava.vscode-java-pack",
		"redhat.vscode-xml",
		"pivotal.vscode-boot-dev-pack"
	],
	"forwardPorts": [8080],
	"settings": {
		"java.import.gradle.enabled": false
	}
}
